{
    "affinity_pred_value": -4.068795204162598,
    "affinity_probability_binary": 0.9987890720367432,
    "affinity_pred_value1": -4.1061248779296875,
    "affinity_probability_binary1": 0.9999972581863403,
    "affinity_pred_value2": -4.031466007232666,
    "affinity_probability_binary2": 0.997580885887146
}