{
    "confidence_score": 0.8288397192955017,
    "ptm": 0.7851082682609558,
    "iptm": 0.9892845153808594,
    "ligand_iptm": 0.9892845153808594,
    "protein_iptm": 0.0,
    "complex_plddt": 0.7887284159660339,
    "complex_iplddt": 0.8839396238327026,
    "complex_pde": 1.1952110528945923,
    "complex_ipde": 0.5778879523277283,
    "chains_ptm": {
        "0": 0.774330735206604,
        "1": 0.9628990292549133
    },
    "pair_chains_iptm": {
        "0": {
            "0": 0.774330735206604,
            "1": 0.5947518348693848
        },
        "1": {
            "0": 0.9892845153808594,
            "1": 0.9628990292549133
        }
    }
}